Title,Published By,Page Info,Published,Product Code
"Global Synthetic Fibres (Polyester, Nylon, Acrylic & Polyolefin) Market: Insights & Forecast with Potential Impact of COVID-19 (2022-2026)",Koncept Analytics,105 Pages,2022-04-18,1070417
Global Helium Market: Insights & Forecast with Potential Impact of COVID-19 (2022-2026),Koncept Analytics,87 Pages,2022-04-18,1070416
Global Petrochemical Market (By Type & Region): Insights & Forecast with Potential Impact of COVID-19 (2022-2026),Koncept Analytics,104 Pages,2022-04-18,1070414
"Global Surfactants Market (Non-ionic, Anionic & Cationic): Insights & Forecast with Potential Impact of COVID-19 (2022-2026)",Koncept Analytics,116 Pages,2022-04-18,1070412
Re-Refined Base Oil Market - Global Outlook & Forecast 2022-2027,Arizton Advisory & Intelligence,294 Pages,2022-04-14,1069856
Poly Alpha Olefin (PAO) Market - Global Outlook & Forecast 2022-2027,Arizton Advisory & Intelligence,222 Pages,2022-04-14,1069854
Medical Device Packaging Market - Global Outlook & Forecast 2022-2027,Arizton Advisory & Intelligence,299 Pages,2022-04-14,1069849
Group II & III Base Oil Market - Global Outlook & Forecast 2022-2027,Arizton Advisory & Intelligence,259 Pages,2022-04-14,1069847
Garden Pesticides Market - Global Outlook & Forecast 2022-2027,Arizton Advisory & Intelligence,287 Pages,2022-04-14,1069845
Data Center Fire Detection and Suppression Market - Global Outlook & Forecast 2022-2027,Arizton Advisory & Intelligence,379 Pages,2022-04-14,1069840
Base Oil Market - Global Outlook & Forecast 2022-2027,Arizton Advisory & Intelligence,268 Pages,2022-04-14,1069836
Vietnam Short Fiber Thermoplastic (SFT) Market Research Report 2022,QYResearch,80 Pages,2022-04-14,1069722
Global Zinc Aluminum Magnesium Coated Steel Market Research Report 2022,QYResearch,141 Pages,2022-04-14,1069718
Global Polybutene-1(Resin) Market Research Report 2022,QYResearch,107 Pages,2022-04-14,1069714
"Global Paint Grade Zinc Dust Market Report, History and Forecast 2017-2029",QYResearch,136 Pages,2022-04-14,1069713
"Global Organoclay Market Report, History and Forecast 2017-2028",QYResearch,149 Pages,2022-04-14,1069711
"Global CPP Packaging Films Market Report, History and Forecast 2017-2028",QYResearch,133 Pages,2022-04-14,1069701
Africa and GCC Cocamidopropyl Betaine (CAPB) Market Report & Forecast 2022-2028,QYResearch,109 Pages,2022-04-14,1069695
Global High Purity Electronic Grade Phosphoric Acid Market Research Report 2022,QYResearch,127 Pages,2022-04-14,1068652
